feature,importance
is_weekend,0.33742308330943815
day_of_week,0.3221487659069826
lag_7,0.10396475956336446
lag_14,0.04972236915977325
rolling_mean_14,0.04257544417015754
rolling_mean_7,0.02565878442639939
day_of_year,0.024493978630952783
lag_28,0.023124155293915493
lag_1,0.01731602357361453
lag_2,0.01636821591078714
lag_3,0.015794173336712476
rolling_std_7,0.010473199366824509
week_of_year,0.009465284382718592
month,0.001471762968358906
