,precision,recall,f1-score,support
0,0.9473684210526315,0.9,0.9230769230769231,100.0
1,0.9047619047619048,0.95,0.926829268292683,100.0
accuracy,0.925,0.925,0.925,0.925
macro avg,0.9260651629072681,0.925,0.9249530956848031,200.0
weighted avg,0.9260651629072681,0.925,0.9249530956848031,200.0
